Gmt time,Open,High,Low,Close,Volume
31.08.2018 21:00:00.000,1.15997,1.15997,1.15997,1.15997,0
01.09.2018 21:00:00.000,1.15997,1.15997,1.15997,1.15997,0
02.09.2018 21:00:00.000,1.15961,1.16278,1.15889,1.16181,165659.3603
03.09.2018 21:00:00.000,1.16169,1.16203,1.15301,1.15805,214792.6391
04.09.2018 21:00:00.000,1.15802,1.16400,1.15425,1.16292,262635.8804
05.09.2018 21:00:00.000,1.16291,1.16592,1.16055,1.16227,232247.99019999997
06.09.2018 21:00:00.000,1.16219,1.16495,1.15506,1.15520,240767.23820000002
07.09.2018 21:00:00.000,1.15520,1.15520,1.15520,1.15520,0
08.09.2018 21:00:00.000,1.15520,1.15520,1.15520,1.15520,0
09.09.2018 21:00:00.000,1.15483,1.16161,1.15260,1.15924,197015.9604
10.09.2018 21:00:00.000,1.15916,1.16441,1.15654,1.16046,207996.37769999998
11.09.2018 21:00:00.000,1.16047,1.16496,1.15699,1.16253,230296.99060000005
12.09.2018 21:00:00.000,1.16253,1.17009,1.16091,1.16897,220989.21009999997
13.09.2018 21:00:00.000,1.16895,1.17215,1.16206,1.16227,215338.6789
14.09.2018 21:00:00.000,1.16227,1.16227,1.16227,1.16227,0
15.09.2018 21:00:00.000,1.16227,1.16227,1.16227,1.16227,0
16.09.2018 21:00:00.000,1.16223,1.16981,1.16180,1.16830,180434.11010000002
17.09.2018 21:00:00.000,1.16830,1.17243,1.16521,1.16651,228199.78969999996
18.09.2018 21:00:00.000,1.16650,1.17149,1.16500,1.16721,222738.15900000007
19.09.2018 21:00:00.000,1.16715,1.17845,1.16689,1.17766,249854.59029999995
20.09.2018 21:00:00.000,1.17765,1.18027,1.17327,1.17473,208051.42079999996
21.09.2018 21:00:00.000,1.17473,1.17473,1.17473,1.17473,0
22.09.2018 21:00:00.000,1.17473,1.17473,1.17473,1.17473,0
23.09.2018 21:00:00.000,1.17432,1.18153,1.17241,1.17473,202827.31309999997
24.09.2018 21:00:00.000,1.17471,1.17925,1.17310,1.17659,210741.02919999996
25.09.2018 21:00:00.000,1.17656,1.17976,1.17259,1.17379,217085.43189999997
26.09.2018 21:00:00.000,1.17361,1.17571,1.16389,1.16404,267086.5092
27.09.2018 21:00:00.000,1.16400,1.16511,1.15698,1.16019,232356.1422
28.09.2018 21:00:00.000,1.16019,1.16019,1.16019,1.16019,0
29.09.2018 21:00:00.000,1.16019,1.16019,1.16019,1.16019,0
30.09.2018 21:00:00.000,1.16171,1.16246,1.15635,1.15778,202791.8708
01.10.2018 21:00:00.000,1.15776,1.15802,1.15052,1.15461,242671.75880000004
02.10.2018 21:00:00.000,1.15454,1.15936,1.14645,1.14766,258337.01820000002
03.10.2018 21:00:00.000,1.14762,1.15426,1.14633,1.15136,234372.8819
04.10.2018 21:00:00.000,1.15135,1.15495,1.14838,1.15174,234348.46899999998
05.10.2018 21:00:00.000,1.15174,1.15174,1.15174,1.15174,0
06.10.2018 21:00:00.000,1.15174,1.15174,1.15174,1.15174,0
07.10.2018 21:00:00.000,1.15210,1.15296,1.14599,1.14908,186288.6705
08.10.2018 21:00:00.000,1.14907,1.15033,1.14321,1.14899,256954.00060000003
09.10.2018 21:00:00.000,1.14899,1.15452,1.14798,1.15185,232561.47939999998
10.10.2018 21:00:00.000,1.15182,1.15994,1.15175,1.15931,295862.32110000006
11.10.2018 21:00:00.000,1.15930,1.16104,1.15343,1.15571,236516.8483
12.10.2018 21:00:00.000,1.15571,1.15571,1.15571,1.15571,0
13.10.2018 21:00:00.000,1.15571,1.15571,1.15571,1.15571,0
14.10.2018 21:00:00.000,1.15372,1.16061,1.15369,1.15785,215262.82040000006
15.10.2018 21:00:00.000,1.15787,1.16212,1.15660,1.15732,215601.25859999994
16.10.2018 21:00:00.000,1.15732,1.15803,1.14960,1.14999,241252.21949999998
17.10.2018 21:00:00.000,1.15000,1.15272,1.14492,1.14522,251044.2489
18.10.2018 21:00:00.000,1.14521,1.15345,1.14331,1.15142,250150.5703
19.10.2018 21:00:00.000,1.15142,1.15142,1.15142,1.15142,0
20.10.2018 21:00:00.000,1.15142,1.15142,1.15142,1.15142,0
21.10.2018 21:00:00.000,1.15149,1.15501,1.14557,1.14636,224609.87079999995
22.10.2018 21:00:00.000,1.14635,1.14934,1.14392,1.14696,259093.2886
23.10.2018 21:00:00.000,1.14697,1.14766,1.13789,1.13914,257650.559
24.10.2018 21:00:00.000,1.13914,1.14326,1.13561,1.13745,245169.29079999993
25.10.2018 21:00:00.000,1.13743,1.14209,1.13355,1.14021,271600.0603
26.10.2018 21:00:00.000,1.14021,1.14021,1.14021,1.14021,0
27.10.2018 21:00:00.000,1.14021,1.14021,1.14021,1.14021,0
28.10.2018 21:00:00.000,1.13921,1.14163,1.13606,1.13721,241393.4395
29.10.2018 21:00:00.000,1.13721,1.13877,1.13404,1.13436,219600.01069999996
30.10.2018 21:00:00.000,1.13429,1.13601,1.13020,1.13115,235398.9412
31.10.2018 21:00:00.000,1.13115,1.14241,1.13074,1.14077,259568.42810000002
01.11.2018 21:00:00.000,1.14074,1.14557,1.13722,1.13860,239785.75120000006
02.11.2018 21:00:00.000,1.13860,1.13860,1.13860,1.13860,0
03.11.2018 21:00:00.000,1.13860,1.13860,1.13860,1.13860,0
04.11.2018 22:00:00.000,1.13863,1.14239,1.13530,1.14066,217421.12889999998
05.11.2018 22:00:00.000,1.14065,1.14378,1.13913,1.14261,225990.7811
06.11.2018 22:00:00.000,1.14259,1.14995,1.13947,1.14251,298025.5204
07.11.2018 22:00:00.000,1.14253,1.14465,1.13515,1.13629,257586.57220000005
08.11.2018 22:00:00.000,1.13629,1.13689,1.13161,1.13342,247999.99880000003
09.11.2018 22:00:00.000,1.13342,1.13342,1.13342,1.13342,0
10.11.2018 22:00:00.000,1.13342,1.13342,1.13342,1.13342,0
11.11.2018 22:00:00.000,1.13182,1.13305,1.12156,1.12177,239618.8999
12.11.2018 22:00:00.000,1.12174,1.12936,1.12164,1.12899,337848.8586
13.11.2018 22:00:00.000,1.12889,1.13475,1.12632,1.13081,297120.5602
14.11.2018 22:00:00.000,1.13069,1.13622,1.12705,1.13249,291863.4517
15.11.2018 22:00:00.000,1.13249,1.14202,1.13215,1.14185,253907.8318
16.11.2018 22:00:00.000,1.14185,1.14185,1.14185,1.14185,0
17.11.2018 22:00:00.000,1.14185,1.14185,1.14185,1.14185,0
18.11.2018 22:00:00.000,1.14133,1.14644,1.13938,1.14526,207259.67069999996
19.11.2018 22:00:00.000,1.14517,1.14723,1.13587,1.13696,239938.93639999998
20.11.2018 22:00:00.000,1.13696,1.14245,1.13634,1.13838,228952.5193
21.11.2018 22:00:00.000,1.13837,1.14340,1.13794,1.14002,176157.79150000002
22.11.2018 22:00:00.000,1.14008,1.14209,1.13275,1.13355,343454.5683
23.11.2018 22:00:00.000,1.13355,1.13355,1.13355,1.13355,0
24.11.2018 22:00:00.000,1.13355,1.13355,1.13355,1.13355,0
25.11.2018 22:00:00.000,1.13401,1.13837,1.13250,1.13275,229845.04030000002
26.11.2018 22:00:00.000,1.13273,1.13436,1.12775,1.12867,247102.25100000002
27.11.2018 22:00:00.000,1.12865,1.13875,1.12671,1.13660,265306.9801
28.11.2018 22:00:00.000,1.13659,1.14016,1.13486,1.13924,264011.27999999997
29.11.2018 22:00:00.000,1.13918,1.14003,1.13054,1.13164,260597.36009999996
30.11.2018 22:00:00.000,1.13164,1.13164,1.13164,1.13164,0
01.12.2018 22:00:00.000,1.13164,1.13164,1.13164,1.13164,0
02.12.2018 22:00:00.000,1.13499,1.13796,1.13192,1.13528,246981.1976
03.12.2018 22:00:00.000,1.13528,1.14187,1.13185,1.13415,284701.9903
04.12.2018 22:00:00.000,1.13415,1.13612,1.13107,1.13443,194512.64090000003
05.12.2018 22:00:00.000,1.13441,1.14123,1.13209,1.13720,280279.7696
06.12.2018 22:00:00.000,1.13720,1.14235,1.13603,1.13758,252844.9979
07.12.2018 22:00:00.000,1.13758,1.13758,1.13758,1.13758,0
08.12.2018 22:00:00.000,1.13758,1.13758,1.13758,1.13758,0
09.12.2018 22:00:00.000,1.13909,1.14426,1.13504,1.13552,259932.03170000002
10.12.2018 22:00:00.000,1.13548,1.14002,1.13062,1.13154,260289.78999999998
11.12.2018 22:00:00.000,1.13154,1.13872,1.13148,1.13681,264838.6409
12.12.2018 22:00:00.000,1.13681,1.13932,1.13310,1.13560,250498.67710000003
13.12.2018 22:00:00.000,1.13592,1.13649,1.12699,1.13045,264403.1212
14.12.2018 22:00:00.000,1.13045,1.13045,1.13045,1.13045,0
15.12.2018 22:00:00.000,1.13045,1.13045,1.13045,1.13045,0
16.12.2018 22:00:00.000,1.13008,1.13577,1.12967,1.13472,220321.82899999997
17.12.2018 22:00:00.000,1.13474,1.14022,1.13366,1.13595,248084.48960000006
18.12.2018 22:00:00.000,1.13594,1.14392,1.13591,1.13752,392303.2394
19.12.2018 22:00:00.000,1.13748,1.14859,1.13704,1.14451,519885.1379
20.12.2018 22:00:00.000,1.14454,1.14739,1.13559,1.13684,470650.75889999996
21.12.2018 22:00:00.000,1.13684,1.13684,1.13684,1.13684,0
22.12.2018 22:00:00.000,1.13684,1.13684,1.13684,1.13684,0
23.12.2018 22:00:00.000,1.13692,1.14384,1.13604,1.13988,373047.2295
24.12.2018 22:00:00.000,1.13976,1.14170,1.13894,1.13988,8155.2801
25.12.2018 22:00:00.000,1.13901,1.14198,1.13428,1.13507,257461.1485
26.12.2018 22:00:00.000,1.13507,1.14540,1.13504,1.14285,563907.8267
27.12.2018 22:00:00.000,1.14285,1.14727,1.14247,1.14414,453409.89060000004
28.12.2018 22:00:00.000,1.14414,1.14414,1.14414,1.14414,0
29.12.2018 22:00:00.000,1.14414,1.14414,1.14414,1.14414,0
30.12.2018 22:00:00.000,1.14331,1.14674,1.14213,1.14644,316061.53909999994
31.12.2018 22:00:00.000,1.14644,1.14644,1.14627,1.14627,5.25
01.01.2019 22:00:00.000,1.14598,1.14967,1.13250,1.13432,444066.54649999994
02.01.2019 22:00:00.000,1.13423,1.14110,1.13092,1.13924,503259.73329999996
03.01.2019 22:00:00.000,1.13924,1.14189,1.13456,1.13943,418205.8579
04.01.2019 22:00:00.000,1.13943,1.13943,1.13943,1.13943,0
05.01.2019 22:00:00.000,1.13943,1.13943,1.13943,1.13943,0
06.01.2019 22:00:00.000,1.13955,1.14826,1.13954,1.14740,365290.16069999995
07.01.2019 22:00:00.000,1.14740,1.14844,1.14222,1.14406,374697.228
08.01.2019 22:00:00.000,1.14406,1.15578,1.14370,1.15417,461404.6893999999
09.01.2019 22:00:00.000,1.15419,1.15697,1.14844,1.14994,503283.2468
10.01.2019 22:00:00.000,1.14994,1.15403,1.14580,1.14656,378819.8979000001
11.01.2019 22:00:00.000,1.14656,1.14656,1.14656,1.14656,0
12.01.2019 22:00:00.000,1.14656,1.14656,1.14656,1.14656,0
13.01.2019 22:00:00.000,1.14589,1.14820,1.14506,1.14679,346170.5487
14.01.2019 22:00:00.000,1.14679,1.14896,1.13819,1.14121,428238.4394
15.01.2019 22:00:00.000,1.14119,1.14248,1.13777,1.13911,373010.33019999997
16.01.2019 22:00:00.000,1.13911,1.14059,1.13700,1.13880,381653.9362
17.01.2019 22:00:00.000,1.13880,1.14103,1.13532,1.13614,391856.67270000005
18.01.2019 22:00:00.000,1.13614,1.13614,1.13614,1.13614,0
19.01.2019 22:00:00.000,1.13614,1.13614,1.13614,1.13614,0
20.01.2019 22:00:00.000,1.13603,1.13910,1.13567,1.13658,233318.68829999998
21.01.2019 22:00:00.000,1.13658,1.13739,1.13361,1.13595,367311.2478
22.01.2019 22:00:00.000,1.13594,1.13942,1.13505,1.13808,378369.69320000004
23.01.2019 22:00:00.000,1.13804,1.13913,1.12892,1.13020,430484.31729999994
24.01.2019 22:00:00.000,1.13011,1.14176,1.13004,1.14032,437970.6597999999
25.01.2019 22:00:00.000,1.14032,1.14032,1.14032,1.14032,0
26.01.2019 22:00:00.000,1.14032,1.14032,1.14032,1.14032,0
27.01.2019 22:00:00.000,1.14005,1.14436,1.13900,1.14271,355353.5988
28.01.2019 22:00:00.000,1.14257,1.14501,1.14111,1.14307,422806.6175
29.01.2019 22:00:00.000,1.14308,1.15016,1.14062,1.14786,430060.0301999999
30.01.2019 22:00:00.000,1.14786,1.15141,1.14356,1.14467,479601.8068
31.01.2019 22:00:00.000,1.14468,1.14884,1.14343,1.14547,406760.0677
01.02.2019 22:00:00.000,1.14547,1.14547,1.14547,1.14547,0
02.02.2019 22:00:00.000,1.14547,1.14547,1.14547,1.14547,0
03.02.2019 22:00:00.000,1.14503,1.14603,1.14244,1.14353,364641.27459999995
04.02.2019 22:00:00.000,1.14353,1.14404,1.14011,1.14054,333750.1993999999
05.02.2019 22:00:00.000,1.14054,1.14094,1.13608,1.13618,348621.8400999999
06.02.2019 22:00:00.000,1.13615,1.13683,1.13244,1.13390,377168.2571
07.02.2019 22:00:00.000,1.13383,1.13508,1.13207,1.13207,337884.74919999996
08.02.2019 22:00:00.000,1.13207,1.13207,1.13207,1.13207,0
09.02.2019 22:00:00.000,1.13207,1.13207,1.13207,1.13207,0
10.02.2019 22:00:00.000,1.13186,1.13298,1.12672,1.12754,381292.5479
11.02.2019 22:00:00.000,1.12752,1.13396,1.12577,1.13251,397043.4979
12.02.2019 22:00:00.000,1.13251,1.13414,1.12601,1.12602,381009.89109999995
13.02.2019 22:00:00.000,1.12601,1.13098,1.12490,1.12947,420237.8624
14.02.2019 22:00:00.000,1.12949,1.13061,1.12340,1.12925,437592.53010000003
15.02.2019 22:00:00.000,1.12925,1.12925,1.12925,1.12925,0
16.02.2019 22:00:00.000,1.12925,1.12925,1.12925,1.12925,0
17.02.2019 22:00:00.000,1.12906,1.13338,1.12889,1.13081,268325.4813
18.02.2019 22:00:00.000,1.13079,1.13574,1.12755,1.13400,403980.9442000001
19.02.2019 22:00:00.000,1.13400,1.13711,1.13249,1.13359,395136.9310999999
20.02.2019 22:00:00.000,1.13359,1.13663,1.13202,1.13333,443593.7802
21.02.2019 22:00:00.000,1.13323,1.13556,1.13161,1.13319,393106.23260000005
22.02.2019 22:00:00.000,1.13319,1.13319,1.13319,1.13319,0
23.02.2019 22:00:00.000,1.13319,1.13319,1.13319,1.13319,0
24.02.2019 22:00:00.000,1.13340,1.13675,1.13281,1.13568,370315.67029999994
25.02.2019 22:00:00.000,1.13570,1.14027,1.13450,1.13888,417727.3134
26.02.2019 22:00:00.000,1.13887,1.14036,1.13622,1.13693,422680.3583
27.02.2019 22:00:00.000,1.13691,1.14197,1.13595,1.13704,459223.3102
28.02.2019 22:00:00.000,1.13706,1.14085,1.13533,1.13633,413036.85990000004
01.03.2019 22:00:00.000,1.13633,1.13633,1.13633,1.13633,0
02.03.2019 22:00:00.000,1.13633,1.13633,1.13633,1.13633,0
03.03.2019 22:00:00.000,1.13811,1.13826,1.13090,1.13394,408082.59630000003
04.03.2019 22:00:00.000,1.13394,1.13408,1.12895,1.13073,394223.5472999999
05.03.2019 22:00:00.000,1.13072,1.13245,1.12855,1.13061,326397.968
06.03.2019 22:00:00.000,1.13059,1.13202,1.11764,1.11929,390982.3178
07.03.2019 22:00:00.000,1.11929,1.12461,1.11852,1.12311,380182.114
08.03.2019 22:00:00.000,1.12311,1.12311,1.12311,1.12311,0
09.03.2019 22:00:00.000,1.12311,1.12311,1.12311,1.12311,0
10.03.2019 21:00:00.000,1.12316,1.12583,1.12217,1.12440,309137.21530000004
11.03.2019 21:00:00.000,1.12436,1.13049,1.12434,1.12861,335385.00129999995
12.03.2019 21:00:00.000,1.12861,1.13385,1.12773,1.13268,299074.959
13.03.2019 21:00:00.000,1.13255,1.13375,1.12940,1.13034,330546.7996
14.03.2019 21:00:00.000,1.13025,1.13443,1.12976,1.13240,301440.2578
15.03.2019 21:00:00.000,1.13240,1.13240,1.13240,1.13240,0
16.03.2019 21:00:00.000,1.13240,1.13240,1.13240,1.13240,0
17.03.2019 21:00:00.000,1.13201,1.13589,1.13189,1.13388,252525.64159999997
18.03.2019 21:00:00.000,1.13388,1.13615,1.13295,1.13507,272469.3208
19.03.2019 21:00:00.000,1.13508,1.14480,1.13354,1.14130,363149.69659999997
20.03.2019 21:00:00.000,1.14129,1.14373,1.13425,1.13734,359013.25979999994
21.03.2019 21:00:00.000,1.13728,1.13905,1.12732,1.13004,413563.2645000001
22.03.2019 21:00:00.000,1.13004,1.13004,1.13004,1.13004,0
23.03.2019 21:00:00.000,1.13004,1.13004,1.13004,1.13004,0
24.03.2019 21:00:00.000,1.12892,1.13314,1.12883,1.13119,333540.579
25.03.2019 21:00:00.000,1.13117,1.13259,1.12632,1.12654,341540.2492
26.03.2019 21:00:00.000,1.12654,1.12855,1.12421,1.12435,417698.0301000001
27.03.2019 21:00:00.000,1.12435,1.12612,1.12135,1.12211,430559.39319999993
28.03.2019 21:00:00.000,1.12211,1.12466,1.12098,1.12179,436718.5814999999
29.03.2019 21:00:00.000,1.12179,1.12179,1.12179,1.12179,0
30.03.2019 21:00:00.000,1.12179,1.12179,1.12179,1.12179,0
31.03.2019 21:00:00.000,1.12254,1.12498,1.12039,1.12122,412209.1987
01.04.2019 21:00:00.000,1.12120,1.12160,1.11836,1.12040,440588.83970000007
02.04.2019 21:00:00.000,1.12043,1.12547,1.12000,1.12320,459490.9804
03.04.2019 21:00:00.000,1.12321,1.12475,1.12059,1.12199,383271.84209999995
04.04.2019 21:00:00.000,1.12198,1.12472,1.12099,1.12142,346356.78719999996
05.04.2019 21:00:00.000,1.12142,1.12142,1.12142,1.12142,0
06.04.2019 21:00:00.000,1.12142,1.12142,1.12142,1.12142,0
07.04.2019 21:00:00.000,1.12138,1.12744,1.12118,1.12616,379705.5689000001
08.04.2019 21:00:00.000,1.12604,1.12842,1.12549,1.12612,387174.0097
09.04.2019 21:00:00.000,1.12614,1.12876,1.12294,1.12731,434523.7744999999
10.04.2019 21:00:00.000,1.12730,1.12873,1.12498,1.12513,378748.4304
11.04.2019 21:00:00.000,1.12513,1.13239,1.12511,1.12976,415527.5331
12.04.2019 21:00:00.000,1.12976,1.12976,1.12976,1.12976,0
13.04.2019 21:00:00.000,1.12976,1.12976,1.12976,1.12976,0
14.04.2019 21:00:00.000,1.13035,1.13209,1.12975,1.13030,374810.4309
15.04.2019 21:00:00.000,1.13030,1.13139,1.12797,1.12804,476343.052
16.04.2019 21:00:00.000,1.12804,1.13237,1.12788,1.12944,394432.598
17.04.2019 21:00:00.000,1.12933,1.13039,1.12261,1.12279,416467.5791
18.04.2019 21:00:00.000,1.12295,1.12476,1.12263,1.12408,115584.66990000001
19.04.2019 21:00:00.000,1.12408,1.12408,1.12408,1.12408,0
20.04.2019 21:00:00.000,1.12408,1.12408,1.12408,1.12408,0
21.04.2019 21:00:00.000,1.12408,1.12620,1.12357,1.12566,182313.1733
22.04.2019 21:00:00.000,1.12568,1.12612,1.11921,1.12268,362754.9433
23.04.2019 21:00:00.000,1.12264,1.12265,1.11406,1.11519,392251.1006
24.04.2019 21:00:00.000,1.11518,1.11623,1.11178,1.11309,351084.3925000001
25.04.2019 21:00:00.000,1.11283,1.11739,1.11111,1.11429,353517.6993
26.04.2019 21:00:00.000,1.11429,1.11429,1.11429,1.11429,0
27.04.2019 21:00:00.000,1.11429,1.11429,1.11429,1.11429,0
28.04.2019 21:00:00.000,1.11441,1.11869,1.11441,1.11854,285168.9402
29.04.2019 21:00:00.000,1.11854,1.12290,1.11757,1.12145,321261.0212000001
30.04.2019 21:00:00.000,1.12141,1.12647,1.11870,1.11953,241818.1619
01.05.2019 21:00:00.000,1.11950,1.12190,1.11707,1.11714,302572.77050000004
02.05.2019 21:00:00.000,1.11714,1.12047,1.11350,1.12007,342215.52830000006
03.05.2019 21:00:00.000,1.12007,1.12007,1.12007,1.12007,0
04.05.2019 21:00:00.000,1.12007,1.12007,1.12007,1.12007,0
05.05.2019 21:00:00.000,1.11799,1.12092,1.11672,1.11980,318835.24919999996
06.05.2019 21:00:00.000,1.11980,1.12178,1.11666,1.11912,340447.04919999995
07.05.2019 21:00:00.000,1.11899,1.12136,1.11827,1.11909,367837.6512999999
08.05.2019 21:00:00.000,1.11909,1.12509,1.11734,1.12138,409646.99880000006
09.05.2019 21:00:00.000,1.12123,1.12536,1.12115,1.12329,380071.95060000004
10.05.2019 21:00:00.000,1.12329,1.12329,1.12329,1.12329,0
11.05.2019 21:00:00.000,1.12329,1.12329,1.12329,1.12329,0
12.05.2019 21:00:00.000,1.12320,1.12635,1.12216,1.12216,328236.8703
13.05.2019 21:00:00.000,1.12211,1.12439,1.12011,1.12033,316840.3628999999
14.05.2019 21:00:00.000,1.12033,1.12245,1.11779,1.12008,339619.66089999996
15.05.2019 21:00:00.000,1.12009,1.12238,1.11662,1.11736,331828.9408
16.05.2019 21:00:00.000,1.11735,1.11841,1.11551,1.11563,359815.5641
17.05.2019 21:00:00.000,1.11563,1.11563,1.11563,1.11563,0
18.05.2019 21:00:00.000,1.11563,1.11563,1.11563,1.11563,0
19.05.2019 21:00:00.000,1.11598,1.11748,1.11506,1.11655,302289.56909999996
20.05.2019 21:00:00.000,1.11652,1.11880,1.11419,1.11604,334241.3002999999
21.05.2019 21:00:00.000,1.11593,1.11802,1.11485,1.11501,286754.2488
22.05.2019 21:00:00.000,1.11498,1.11875,1.11070,1.11815,367019.64240000007
23.05.2019 21:00:00.000,1.11819,1.12121,1.11733,1.12043,319912.6509
24.05.2019 21:00:00.000,1.12043,1.12043,1.12043,1.12043,0
25.05.2019 21:00:00.000,1.12043,1.12043,1.12043,1.12043,0
26.05.2019 21:00:00.000,1.12091,1.12151,1.11869,1.11910,190827.99799999996
27.05.2019 21:00:00.000,1.11910,1.11983,1.11592,1.11598,305060.0014
28.05.2019 21:00:00.000,1.11598,1.11724,1.11243,1.11310,353468.89820000005
29.05.2019 21:00:00.000,1.11305,1.11433,1.11160,1.11291,301167.99019999994
30.05.2019 21:00:00.000,1.11285,1.11797,1.11251,1.11678,423489.3182
31.05.2019 21:00:00.000,1.11678,1.11678,1.11678,1.11678,0
01.06.2019 21:00:00.000,1.11678,1.11678,1.11678,1.11678,0
02.06.2019 21:00:00.000,1.11607,1.12619,1.11601,1.12414,373155.9781
03.06.2019 21:00:00.000,1.12414,1.12774,1.12267,1.12515,412796.5936000001
04.06.2019 21:00:00.000,1.12515,1.13065,1.12200,1.12208,397885.75739999994
05.06.2019 21:00:00.000,1.12204,1.13090,1.12008,1.12753,364190.7608
06.06.2019 21:00:00.000,1.12752,1.13477,1.12512,1.13334,357020.7048
07.06.2019 21:00:00.000,1.13334,1.13334,1.13334,1.13334,0
08.06.2019 21:00:00.000,1.13334,1.13334,1.13334,1.13334,0
09.06.2019 21:00:00.000,1.13220,1.13308,1.12902,1.13113,323441.39239999995
10.06.2019 21:00:00.000,1.13109,1.13374,1.13013,1.13260,358470.65049999993
11.06.2019 21:00:00.000,1.13253,1.13434,1.12824,1.12871,373380.33819999994
12.06.2019 21:00:00.000,1.12871,1.13037,1.12683,1.12761,353828.4198
13.06.2019 21:00:00.000,1.12761,1.12891,1.12024,1.12050,352199.19279999996
14.06.2019 21:00:00.000,1.12050,1.12050,1.12050,1.12050,0
15.06.2019 21:00:00.000,1.12050,1.12050,1.12050,1.12050,0
16.06.2019 21:00:00.000,1.12089,1.12470,1.12037,1.12178,246530.3533
17.06.2019 21:00:00.000,1.12178,1.12428,1.11813,1.11936,391516.4326
18.06.2019 21:00:00.000,1.11926,1.12542,1.11871,1.12259,318790.70950000006
19.06.2019 21:00:00.000,1.12255,1.13173,1.12255,1.12916,424441.7689
20.06.2019 21:00:00.000,1.12913,1.13777,1.12830,1.13679,420897.49290000007
21.06.2019 21:00:00.000,1.13679,1.13679,1.13679,1.13679,0
22.06.2019 21:00:00.000,1.13679,1.13679,1.13679,1.13679,0
23.06.2019 21:00:00.000,1.13695,1.14039,1.13662,1.13978,299686.55880000006
24.06.2019 21:00:00.000,1.13979,1.14119,1.13442,1.13651,390537.92220000003
25.06.2019 21:00:00.000,1.13651,1.13913,1.13474,1.13678,344653.0698
26.06.2019 21:00:00.000,1.13676,1.13814,1.13477,1.13689,305483.49140000006
27.06.2019 21:00:00.000,1.13689,1.13933,1.13506,1.13681,283378.0901
28.06.2019 21:00:00.000,1.13681,1.13681,1.13681,1.13681,0
29.06.2019 21:00:00.000,1.13681,1.13681,1.13681,1.13681,0
30.06.2019 21:00:00.000,1.13595,1.13710,1.12810,1.12851,306082.3211
01.07.2019 21:00:00.000,1.12850,1.13215,1.12751,1.12847,265242.0293
02.07.2019 21:00:00.000,1.12842,1.13123,1.12686,1.12774,265517.24880000006
03.07.2019 21:00:00.000,1.12777,1.12951,1.12731,1.12847,139750.8095
04.07.2019 21:00:00.000,1.12837,1.12877,1.12073,1.12235,264181.82769999997
05.07.2019 21:00:00.000,1.12235,1.12235,1.12235,1.12235,0
06.07.2019 21:00:00.000,1.12235,1.12235,1.12235,1.12235,0
07.07.2019 21:00:00.000,1.12215,1.12344,1.12069,1.12142,214337.45109999995
08.07.2019 21:00:00.000,1.12141,1.12187,1.11933,1.12078,217992.44180000003
09.07.2019 21:00:00.000,1.12076,1.12643,1.12018,1.12503,274645.43869999994
10.07.2019 21:00:00.000,1.12503,1.12857,1.12451,1.12529,281815.8216
11.07.2019 21:00:00.000,1.12529,1.12748,1.12381,1.12698,263650.37010000006
12.07.2019 21:00:00.000,1.12698,1.12698,1.12698,1.12698,0
13.07.2019 21:00:00.000,1.12698,1.12698,1.12698,1.12698,0
14.07.2019 21:00:00.000,1.12666,1.12838,1.12532,1.12577,210951.8792
15.07.2019 21:00:00.000,1.12574,1.12634,1.12018,1.12103,261704.96149999998
16.07.2019 21:00:00.000,1.12102,1.12335,1.11997,1.12242,224551.34879999998
17.07.2019 21:00:00.000,1.12237,1.12804,1.12051,1.12765,304572.3611
18.07.2019 21:00:00.000,1.12766,1.12820,1.12033,1.12192,302348.59109999996
19.07.2019 21:00:00.000,1.12192,1.12192,1.12192,1.12192,0
20.07.2019 21:00:00.000,1.12192,1.12192,1.12192,1.12192,0
21.07.2019 21:00:00.000,1.12150,1.12253,1.12062,1.12094,228680.34199999995
22.07.2019 21:00:00.000,1.12093,1.12096,1.11457,1.11517,269201.8498
23.07.2019 21:00:00.000,1.11516,1.11558,1.11269,1.11399,268376.5412
24.07.2019 21:00:00.000,1.11400,1.11877,1.11013,1.11462,362814.33939999994
25.07.2019 21:00:00.000,1.11460,1.11509,1.11120,1.11247,267954.1497
26.07.2019 21:00:00.000,1.11247,1.11247,1.11247,1.11247,0
27.07.2019 21:00:00.000,1.11247,1.11247,1.11247,1.11247,0
28.07.2019 21:00:00.000,1.11246,1.11509,1.11128,1.11443,230541.09889999998
29.07.2019 21:00:00.000,1.11443,1.11610,1.11321,1.11545,274747.22069999995
30.07.2019 21:00:00.000,1.11548,1.11620,1.10600,1.10749,353835.78630000004
31.07.2019 21:00:00.000,1.10749,1.10958,1.10268,1.10847,463136.00239999994
01.08.2019 21:00:00.000,1.10849,1.11164,1.10696,1.11057,480267.18399999995
02.08.2019 21:00:00.000,1.11057,1.11057,1.11057,1.11057,0
03.08.2019 21:00:00.000,1.11057,1.11057,1.11057,1.11057,0
04.08.2019 21:00:00.000,1.11042,1.12130,1.11033,1.12033,464957.0357
05.08.2019 21:00:00.000,1.12034,1.12497,1.11675,1.11980,433454.9382000001
06.08.2019 21:00:00.000,1.11980,1.12417,1.11791,1.11980,443704.0818000001
07.08.2019 21:00:00.000,1.11974,1.12323,1.11769,1.11802,348000.0201999999
08.08.2019 21:00:00.000,1.11801,1.12229,1.11780,1.11969,293895.5896
09.08.2019 21:00:00.000,1.11969,1.11969,1.11969,1.11969,0
10.08.2019 21:00:00.000,1.11969,1.11969,1.11969,1.11969,0
11.08.2019 21:00:00.000,1.11978,1.12306,1.11619,1.12131,317002.77979999996
12.08.2019 21:00:00.000,1.12129,1.12285,1.11701,1.11710,375022.8202000001
13.08.2019 21:00:00.000,1.11708,1.11908,1.11305,1.11377,348484.5803
14.08.2019 21:00:00.000,1.11380,1.11583,1.10913,1.11065,408361.5385999999
15.08.2019 21:00:00.000,1.11065,1.11121,1.10662,1.10899,256379.22809999995
16.08.2019 21:00:00.000,1.10899,1.10899,1.10899,1.10899,0
17.08.2019 21:00:00.000,1.10899,1.10899,1.10899,1.10899,0
18.08.2019 21:00:00.000,1.10925,1.11137,1.10760,1.10778,201056.0297
19.08.2019 21:00:00.000,1.10773,1.11066,1.10655,1.10998,199433.64860000001
20.08.2019 21:00:00.000,1.10981,1.11070,1.10804,1.10845,175529.0103
21.08.2019 21:00:00.000,1.10844,1.11130,1.10635,1.10799,211348.69979999997
22.08.2019 21:00:00.000,1.10798,1.11532,1.10516,1.11360,242943.8405
23.08.2019 21:00:00.000,1.11360,1.11360,1.11360,1.11360,0
24.08.2019 21:00:00.000,1.11360,1.11360,1.11360,1.11360,0
25.08.2019 21:00:00.000,1.11507,1.11639,1.10942,1.11008,286725.5512999999
26.08.2019 21:00:00.000,1.11004,1.11159,1.10855,1.10901,210797.9689
27.08.2019 21:00:00.000,1.10895,1.10978,1.10733,1.10770,209317.92130000002
28.08.2019 21:00:00.000,1.10770,1.10930,1.10419,1.10563,212436.38880000002
29.08.2019 21:00:00.000,1.10563,1.10603,1.09632,1.09880,169948.88969999997
30.08.2019 21:00:00.000,1.09880,1.09880,1.09880,1.09880,0
31.08.2019 21:00:00.000,1.09880,1.09880,1.09880,1.09880,0
01.09.2019 21:00:00.000,1.09893,1.09962,1.09580,1.09682,47492.4398
02.09.2019 21:00:00.000,1.09684,1.09786,1.09260,1.09726,132792.3598
03.09.2019 21:00:00.000,1.09726,1.10383,1.09684,1.10348,161992.7234
04.09.2019 21:00:00.000,1.10348,1.10847,1.10166,1.10340,172857.20070000002
05.09.2019 21:00:00.000,1.10340,1.10572,1.10201,1.10250,158953.22349999996
06.09.2019 21:00:00.000,1.10250,1.10250,1.10250,1.10250,0
07.09.2019 21:00:00.000,1.10250,1.10250,1.10250,1.10250,0
08.09.2019 21:00:00.000,1.10260,1.10680,1.10153,1.10477,133135.8077
09.09.2019 21:00:00.000,1.10474,1.10595,1.10305,1.10432,131929.9993
10.09.2019 21:00:00.000,1.10430,1.10555,1.09851,1.10102,127350.51070000001
11.09.2019 21:00:00.000,1.10102,1.10871,1.09268,1.10643,203424.9414
12.09.2019 21:00:00.000,1.10643,1.11094,1.10554,1.10707,163168.1356
13.09.2019 21:00:00.000,1.10707,1.10707,1.10707,1.10707,0
14.09.2019 21:00:00.000,1.10707,1.10707,1.10707,1.10707,0
15.09.2019 21:00:00.000,1.10732,1.10863,1.09932,1.09991,145093.3258
16.09.2019 21:00:00.000,1.09984,1.10744,1.09901,1.10725,169706.42189999996
17.09.2019 21:00:00.000,1.10723,1.10755,1.10136,1.10298,156666.82630000002
18.09.2019 21:00:00.000,1.10298,1.10735,1.10229,1.10408,198421.77450000003
19.09.2019 21:00:00.000,1.10406,1.10676,1.09961,1.10169,178629.1005
20.09.2019 21:00:00.000,1.10169,1.10169,1.10169,1.10169,0
21.09.2019 21:00:00.000,1.10169,1.10169,1.10169,1.10169,0
22.09.2019 21:00:00.000,1.10136,1.10253,1.09661,1.09925,179107.70029999997
23.09.2019 21:00:00.000,1.09927,1.10240,1.09837,1.10193,181585.40940000003
24.09.2019 21:00:00.000,1.10192,1.10228,1.09374,1.09413,196307.73740000004
25.09.2019 21:00:00.000,1.09409,1.09672,1.09087,1.09187,192781.0294
26.09.2019 21:00:00.000,1.09187,1.09586,1.09046,1.09367,181146.3179
27.09.2019 21:00:00.000,1.09367,1.09367,1.09367,1.09367,0
28.09.2019 21:00:00.000,1.09367,1.09367,1.09367,1.09367,0
29.09.2019 21:00:00.000,1.09419,1.09478,1.08847,1.08991,175405.46089999998
30.09.2019 21:00:00.000,1.08991,1.09428,1.08790,1.09311,210710.3689
01.10.2019 21:00:00.000,1.09314,1.09636,1.09040,1.09590,203278.87980000005
02.10.2019 21:00:00.000,1.09584,1.09992,1.09408,1.09627,219553.9302
03.10.2019 21:00:00.000,1.09627,1.09990,1.09570,1.09760,189751.56609999997
04.10.2019 21:00:00.000,1.09760,1.09760,1.09760,1.09760,0
05.10.2019 21:00:00.000,1.09760,1.09760,1.09760,1.09760,0
06.10.2019 21:00:00.000,1.09803,1.10004,1.09619,1.09703,167097.95880000002
07.10.2019 21:00:00.000,1.09703,1.09958,1.09409,1.09560,217410.3778
08.10.2019 21:00:00.000,1.09560,1.09900,1.09507,1.09710,179859.69999999998
09.10.2019 21:00:00.000,1.09704,1.10337,1.09699,1.10050,234955.04489999995
10.10.2019 21:00:00.000,1.10049,1.10626,1.10007,1.10329,250927.82150000002
11.10.2019 21:00:00.000,1.10329,1.10329,1.10329,1.10329,0
12.10.2019 21:00:00.000,1.10329,1.10329,1.10329,1.10329,0
13.10.2019 21:00:00.000,1.10316,1.10426,1.10128,1.10248,154882.9701
14.10.2019 21:00:00.000,1.10250,1.10459,1.09912,1.10320,225723.78979999997
15.10.2019 21:00:00.000,1.10319,1.10855,1.10223,1.10710,233180.12660000002
16.10.2019 21:00:00.000,1.10710,1.11398,1.10650,1.11234,222120.3896
17.10.2019 21:00:00.000,1.11236,1.11719,1.11145,1.11703,146440.95949999994
18.10.2019 21:00:00.000,1.11703,1.11703,1.11703,1.11703,0
19.10.2019 21:00:00.000,1.11703,1.11703,1.11703,1.11703,0
20.10.2019 21:00:00.000,1.11607,1.11793,1.11386,1.11487,127017.56559999999
21.10.2019 21:00:00.000,1.11487,1.11568,1.11176,1.11243,124844.3603
22.10.2019 21:00:00.000,1.11242,1.11405,1.11061,1.11297,114032.9304
23.10.2019 21:00:00.000,1.11296,1.11627,1.10930,1.11037,147677.30959999998
24.10.2019 21:00:00.000,1.11036,1.11229,1.10729,1.10790,104934.82030000004
25.10.2019 21:00:00.000,1.10790,1.10790,1.10790,1.10790,0
26.10.2019 21:00:00.000,1.10790,1.10790,1.10790,1.10790,0
27.10.2019 21:00:00.000,1.10800,1.11065,1.10760,1.10991,104812.4006
28.10.2019 21:00:00.000,1.10990,1.11183,1.10735,1.11118,124459.5601
29.10.2019 21:00:00.000,1.11117,1.11516,1.10801,1.11501,136266.8298
30.10.2019 21:00:00.000,1.11499,1.11755,1.11314,1.11513,150194.8305
31.10.2019 21:00:00.000,1.11511,1.11718,1.11281,1.11641,129928.8077
01.11.2019 21:00:00.000,1.11641,1.11641,1.11641,1.11641,0
02.11.2019 21:00:00.000,1.11641,1.11641,1.11641,1.11641,0
03.11.2019 22:00:00.000,1.11684,1.11753,1.11247,1.11272,107148.78980000001
04.11.2019 22:00:00.000,1.11269,1.11401,1.10635,1.10742,153935.2961
05.11.2019 22:00:00.000,1.10742,1.10928,1.10651,1.10658,124707.9111
06.11.2019 22:00:00.000,1.10658,1.10914,1.10360,1.10497,154958.2407
07.11.2019 22:00:00.000,1.10492,1.10554,1.10167,1.10176,118808.3556
08.11.2019 22:00:00.000,1.10176,1.10176,1.10176,1.10176,0
09.11.2019 22:00:00.000,1.10176,1.10176,1.10176,1.10176,0
10.11.2019 22:00:00.000,1.10230,1.10430,1.10163,1.10323,86619.7609
11.11.2019 22:00:00.000,1.10323,1.10385,1.10025,1.10088,118944.2526
12.11.2019 22:00:00.000,1.10089,1.10203,1.09953,1.10053,121585.65449999999
13.11.2019 22:00:00.000,1.10052,1.10274,1.09890,1.10204,116008.81559999999
14.11.2019 22:00:00.000,1.10202,1.10569,1.10145,1.10494,112191.4894
15.11.2019 22:00:00.000,1.10494,1.10494,1.10494,1.10494,0
16.11.2019 22:00:00.000,1.10494,1.10494,1.10494,1.10494,0
17.11.2019 22:00:00.000,1.10489,1.10899,1.10487,1.10718,115091.68299999999
18.11.2019 22:00:00.000,1.10711,1.10839,1.10626,1.10780,104791.77939999998
19.11.2019 22:00:00.000,1.10777,1.10813,1.10530,1.10723,133794.66770000002
20.11.2019 22:00:00.000,1.10723,1.10969,1.10522,1.10581,125561.43459999998
21.11.2019 22:00:00.000,1.10580,1.10872,1.10143,1.10179,179983.9703
22.11.2019 22:00:00.000,1.10179,1.10179,1.10179,1.10179,0
23.11.2019 22:00:00.000,1.10179,1.10179,1.10179,1.10179,0
24.11.2019 22:00:00.000,1.10170,1.10321,1.10035,1.10126,115410.0332
25.11.2019 22:00:00.000,1.10115,1.10256,1.10071,1.10194,112111.72510000001
26.11.2019 22:00:00.000,1.10194,1.10246,1.09922,1.09989,116458.65069999998
27.11.2019 22:00:00.000,1.09987,1.10179,1.09986,1.10067,72867.88039999998
28.11.2019 22:00:00.000,1.10059,1.10282,1.09811,1.10150,106015.9257
29.11.2019 22:00:00.000,1.10150,1.10150,1.10150,1.10150,0
30.11.2019 22:00:00.000,1.10150,1.10150,1.10150,1.10150,0
01.12.2019 22:00:00.000,1.10229,1.10907,1.10029,1.10784,132862.7052
02.12.2019 22:00:00.000,1.10782,1.10934,1.10660,1.10809,129495.5909
03.12.2019 22:00:00.000,1.10809,1.11161,1.10666,1.10775,151955.59240000002
04.12.2019 22:00:00.000,1.10772,1.11080,1.10772,1.11042,123959.9165
05.12.2019 22:00:00.000,1.11042,1.11097,1.10398,1.10543,123760.75289999998
06.12.2019 22:00:00.000,1.10543,1.10543,1.10543,1.10543,0
07.12.2019 22:00:00.000,1.10543,1.10543,1.10543,1.10543,0
08.12.2019 22:00:00.000,1.10580,1.10779,1.10533,1.10635,106468.69030000002
09.12.2019 22:00:00.000,1.10638,1.10977,1.10626,1.10919,129551.5213
10.12.2019 22:00:00.000,1.10914,1.11448,1.10701,1.11294,146860.6401
11.12.2019 22:00:00.000,1.11294,1.11541,1.11029,1.11286,179676.66600000003
12.12.2019 22:00:00.000,1.11285,1.11995,1.11032,1.11174,227296.42470000006
13.12.2019 22:00:00.000,1.11174,1.11174,1.11174,1.11174,0
14.12.2019 22:00:00.000,1.11174,1.11174,1.11174,1.11174,0
15.12.2019 22:00:00.000,1.11280,1.11581,1.11225,1.11435,148230.0503
16.12.2019 22:00:00.000,1.11433,1.11746,1.11293,1.11487,154894.4599
17.12.2019 22:00:00.000,1.11483,1.11541,1.11105,1.11127,146245.05939999997
18.12.2019 22:00:00.000,1.11126,1.11442,1.11072,1.11199,159150.5593
19.12.2019 22:00:00.000,1.11194,1.11248,1.10662,1.10769,133635.36359999998
20.12.2019 22:00:00.000,1.10769,1.10769,1.10769,1.10769,0
21.12.2019 22:00:00.000,1.10769,1.10769,1.10769,1.10769,0
22.12.2019 22:00:00.000,1.10810,1.10958,1.10699,1.10895,106250.97950000002
23.12.2019 22:00:00.000,1.10895,1.10938,1.10690,1.10879,85322.89980000001
24.12.2019 22:00:00.000,1.10876,1.10885,1.10730,1.10821,2317.8499999999995
25.12.2019 22:00:00.000,1.10885,1.11088,1.10821,1.10974,46848.97409999999
26.12.2019 22:00:00.000,1.10973,1.11883,1.10964,1.11713,133030.7316
27.12.2019 22:00:00.000,1.11713,1.11713,1.11713,1.11713,0
28.12.2019 22:00:00.000,1.11713,1.11713,1.11713,1.11713,0
29.12.2019 22:00:00.000,1.11736,1.12207,1.11718,1.11985,130942.6446
30.12.2019 22:00:00.000,1.11985,1.12391,1.11974,1.12076,110824.2905
31.12.2019 22:00:00.000,1.12076,1.12076,1.12076,1.12076,0
01.01.2020 22:00:00.000,1.12143,1.12245,1.11635,1.11722,486669.022
02.01.2020 22:00:00.000,1.11722,1.11798,1.11249,1.11548,179358.55300000004
03.01.2020 22:00:00.000,1.11548,1.11548,1.11548,1.11548,0
04.01.2020 22:00:00.000,1.11548,1.11548,1.11548,1.11548,0
05.01.2020 22:00:00.000,1.11656,1.12055,1.11571,1.11968,139972.9844
06.01.2020 22:00:00.000,1.11960,1.11975,1.11335,1.11526,152901.8549
07.01.2020 22:00:00.000,1.11529,1.11682,1.11016,1.11053,199890.27100000004
08.01.2020 22:00:00.000,1.11053,1.11204,1.10924,1.11051,143293.645
09.01.2020 22:00:00.000,1.11051,1.11291,1.10850,1.11165,128788.15139999997
10.01.2020 22:00:00.000,1.11165,1.11165,1.11165,1.11165,0
11.01.2020 22:00:00.000,1.11165,1.11165,1.11165,1.11165,0
12.01.2020 22:00:00.000,1.11141,1.11469,1.11125,1.11338,121005.12989999999
13.01.2020 22:00:00.000,1.11338,1.11444,1.11045,1.11274,137411.6116
14.01.2020 22:00:00.000,1.11284,1.11634,1.11185,1.11495,148755.54499999998
15.01.2020 22:00:00.000,1.11492,1.11727,1.11279,1.11358,132757.3145
16.01.2020 22:00:00.000,1.11358,1.11425,1.10862,1.10890,126960.35720000001
17.01.2020 22:00:00.000,1.10890,1.10890,1.10890,1.10890,0
18.01.2020 22:00:00.000,1.10890,1.10890,1.10890,1.10890,0
19.01.2020 22:00:00.000,1.10910,1.11023,1.10766,1.10944,97404.3398
20.01.2020 22:00:00.000,1.10934,1.11179,1.10809,1.10819,132942.33610000001
21.01.2020 22:00:00.000,1.10816,1.10984,1.10700,1.10920,135326.46899999998
22.01.2020 22:00:00.000,1.10920,1.11087,1.10362,1.10542,170843.23249999995
23.01.2020 22:00:00.000,1.10542,1.10617,1.10195,1.10224,126007.95249999998
24.01.2020 22:00:00.000,1.10224,1.10224,1.10224,1.10224,0
25.01.2020 22:00:00.000,1.10224,1.10224,1.10224,1.10224,0
26.01.2020 22:00:00.000,1.10318,1.10375,1.10096,1.10184,133966.08280000003
27.01.2020 22:00:00.000,1.10185,1.10252,1.09978,1.10220,122430.63050000001
28.01.2020 22:00:00.000,1.10219,1.10276,1.09923,1.10098,121048.56880000001
29.01.2020 22:00:00.000,1.10097,1.10393,1.10069,1.10312,145870.8827
30.01.2020 22:00:00.000,1.10312,1.10954,1.10168,1.10944,144516.34970000002
31.01.2020 22:00:00.000,1.10944,1.10944,1.10944,1.10944,0
01.02.2020 22:00:00.000,1.10944,1.10944,1.10944,1.10944,0
02.02.2020 22:00:00.000,1.10939,1.10939,1.10356,1.10593,135229.0782
03.02.2020 22:00:00.000,1.10590,1.10641,1.10328,1.10434,113720.0851
04.02.2020 22:00:00.000,1.10436,1.10479,1.09937,1.09989,123497.91979999999
05.02.2020 22:00:00.000,1.09989,1.10138,1.09644,1.09827,101074.2299
06.02.2020 22:00:00.000,1.09827,1.09849,1.09419,1.09438,133507.47530000002
07.02.2020 22:00:00.000,1.09438,1.09438,1.09438,1.09438,0
08.02.2020 22:00:00.000,1.09438,1.09438,1.09438,1.09438,0
09.02.2020 22:00:00.000,1.09439,1.09574,1.09076,1.09105,104173.42460000003
10.02.2020 22:00:00.000,1.09105,1.09248,1.08913,1.09143,97736.85199999998
11.02.2020 22:00:00.000,1.09139,1.09255,1.08654,1.08728,230124.69729999997
12.02.2020 22:00:00.000,1.08707,1.08887,1.08340,1.08408,357053.31399999995
13.02.2020 22:00:00.000,1.08408,1.08611,1.08271,1.08299,121806.8393
14.02.2020 22:00:00.000,1.08299,1.08299,1.08299,1.08299,0
15.02.2020 22:00:00.000,1.08299,1.08299,1.08299,1.08299,0
16.02.2020 22:00:00.000,1.08406,1.08509,1.08291,1.08345,74181.6304
17.02.2020 22:00:00.000,1.08343,1.08373,1.07854,1.07907,132797.0125
18.02.2020 22:00:00.000,1.07906,1.08115,1.07822,1.08022,106436.21579999998
19.02.2020 22:00:00.000,1.08022,1.08211,1.07778,1.07838,142802.44139999998
20.02.2020 22:00:00.000,1.07843,1.08635,1.07843,1.08456,200502.85050000003
21.02.2020 22:00:00.000,1.08456,1.08456,1.08456,1.08456,0
22.02.2020 22:00:00.000,1.08456,1.08456,1.08456,1.08456,0
23.02.2020 22:00:00.000,1.08145,1.08720,1.08050,1.08519,176178.7313
24.02.2020 22:00:00.000,1.08519,1.08902,1.08300,1.08806,186037.3408
25.02.2020 22:00:00.000,1.08806,1.09086,1.08549,1.08813,188356.47880000004
26.02.2020 22:00:00.000,1.08812,1.10064,1.08769,1.09998,214850.81129999997
27.02.2020 22:00:00.000,1.09998,1.10530,1.09509,1.10251,252671.58679999996
28.02.2020 22:00:00.000,1.10251,1.10251,1.10251,1.10251,0
29.02.2020 22:00:00.000,1.10251,1.10251,1.10251,1.10251,0
01.03.2020 22:00:00.000,1.10423,1.11845,1.10362,1.11331,249291.95090000003
02.03.2020 22:00:00.000,1.11327,1.12134,1.10953,1.11716,216215.8549
03.03.2020 22:00:00.000,1.11715,1.11875,1.10955,1.11328,164485.68550000002
04.03.2020 22:00:00.000,1.11328,1.12447,1.11195,1.12361,193127.7874
05.03.2020 22:00:00.000,1.12361,1.13546,1.12112,1.12804,241330.9778
06.03.2020 22:00:00.000,1.12804,1.12804,1.12804,1.12804,0
07.03.2020 22:00:00.000,1.12804,1.12804,1.12804,1.12804,0
08.03.2020 21:00:00.000,1.13473,1.14954,1.13350,1.14390,298459.76610000007
09.03.2020 21:00:00.000,1.14285,1.14578,1.12749,1.12794,266412.13450000004
10.03.2020 21:00:00.000,1.12802,1.13667,1.12573,1.12682,198776.66350000002
11.03.2020 21:00:00.000,1.12682,1.13336,1.10550,1.11848,260011.12740000003
12.03.2020 21:00:00.000,1.11848,1.12213,1.10550,1.10992,239402.1083
13.03.2020 21:00:00.000,1.10992,1.10992,1.10992,1.10992,0
14.03.2020 21:00:00.000,1.10992,1.10992,1.10992,1.10992,0
15.03.2020 21:00:00.000,1.10705,1.12366,1.10705,1.11820,297556.9459
16.03.2020 21:00:00.000,1.11820,1.11891,1.09550,1.09971,277624.9358
17.03.2020 21:00:00.000,1.09971,1.10451,1.08016,1.09120,320029.4897
18.03.2020 21:00:00.000,1.09120,1.09818,1.06550,1.06911,303104.1888
19.03.2020 21:00:00.000,1.06913,1.08309,1.06375,1.06929,481684.75759999995
20.03.2020 21:00:00.000,1.06929,1.06929,1.06929,1.06929,0
21.03.2020 21:00:00.000,1.06929,1.06929,1.06929,1.06929,0
22.03.2020 21:00:00.000,1.07011,1.08279,1.06357,1.07239,468719.90059999994
23.03.2020 21:00:00.000,1.07233,1.08879,1.07204,1.07861,344016.5511
24.03.2020 21:00:00.000,1.07861,1.08938,1.07599,1.08812,297512.1825
25.03.2020 21:00:00.000,1.08812,1.10587,1.08698,1.10302,282164.0377
26.03.2020 21:00:00.000,1.10298,1.11473,1.09533,1.11379,258445.03510000004
27.03.2020 21:00:00.000,1.11379,1.11379,1.11379,1.11379,0
28.03.2020 21:00:00.000,1.11379,1.11379,1.11379,1.11379,0
29.03.2020 21:00:00.000,1.11172,1.11440,1.10100,1.10427,194602.40800000002
30.03.2020 21:00:00.000,1.10427,1.10545,1.09265,1.10299,315910.11240000004
31.03.2020 21:00:00.000,1.10286,1.10390,1.09026,1.09616,271412.5952
01.04.2020 21:00:00.000,1.09619,1.09684,1.08206,1.08561,296971.64759999997
02.04.2020 21:00:00.000,1.08557,1.08645,1.07727,1.07955,271889.1714
03.04.2020 21:00:00.000,1.07955,1.07955,1.07955,1.07955,0
04.04.2020 21:00:00.000,1.07955,1.07955,1.07955,1.07955,0
05.04.2020 21:00:00.000,1.08082,1.08354,1.07683,1.07920,283322.8869
06.04.2020 21:00:00.000,1.07920,1.09263,1.07835,1.08904,284007.76769999997
07.04.2020 21:00:00.000,1.08903,1.09019,1.08299,1.08564,236735.98729999995
08.04.2020 21:00:00.000,1.08559,1.09516,1.08409,1.09285,262590.7752
09.04.2020 21:00:00.000,1.09286,1.09524,1.09192,1.09326,150858.0519
10.04.2020 21:00:00.000,1.09326,1.09326,1.09326,1.09326,0
11.04.2020 21:00:00.000,1.09326,1.09326,1.09326,1.09326,0
12.04.2020 21:00:00.000,1.09482,1.09678,1.08926,1.09120,164411.332
13.04.2020 21:00:00.000,1.09109,1.09871,1.09029,1.09798,227195.63299999997
14.04.2020 21:00:00.000,1.09794,1.09907,1.08564,1.09066,242782.58039999998
15.04.2020 21:00:00.000,1.09076,1.09111,1.08166,1.08386,272079.09299999994
16.04.2020 21:00:00.000,1.08386,1.08926,1.08119,1.08711,265342.1323
17.04.2020 21:00:00.000,1.08711,1.08711,1.08711,1.08711,0
18.04.2020 21:00:00.000,1.08711,1.08711,1.08711,1.08711,0
19.04.2020 21:00:00.000,1.08748,1.08967,1.08411,1.08607,205688.84410000002
20.04.2020 21:00:00.000,1.08611,1.08802,1.08165,1.08564,269583.29000000004
21.04.2020 21:00:00.000,1.08563,1.08852,1.08032,1.08229,216659.88310000004
22.04.2020 21:00:00.000,1.08226,1.08466,1.07560,1.07760,279221.89479999995
23.04.2020 21:00:00.000,1.07760,1.08294,1.07271,1.08196,236007.129
24.04.2020 21:00:00.000,1.08196,1.08196,1.08196,1.08196,0
25.04.2020 21:00:00.000,1.08196,1.08196,1.08196,1.08196,0
26.04.2020 21:00:00.000,1.08211,1.08602,1.08112,1.08286,204454.82760000002
27.04.2020 21:00:00.000,1.08282,1.08884,1.08097,1.08186,214232.41580000005
28.04.2020 21:00:00.000,1.08186,1.08856,1.08183,1.08724,216037.6051
29.04.2020 21:00:00.000,1.08741,1.09726,1.08330,1.09539,287628.55189999996
30.04.2020 21:00:00.000,1.09539,1.10187,1.09344,1.09777,195288.9336
01.05.2020 21:00:00.000,1.09777,1.09777,1.09777,1.09777,0
02.05.2020 21:00:00.000,1.09777,1.09777,1.09777,1.09777,0
03.05.2020 21:00:00.000,1.09676,1.09736,1.08956,1.09058,218738.9784
04.05.2020 21:00:00.000,1.09063,1.09258,1.08258,1.08377,231702.35030000002
05.05.2020 21:00:00.000,1.08377,1.08456,1.07819,1.07930,243295.8837
06.05.2020 21:00:00.000,1.07934,1.08339,1.07665,1.08331,232904.04
07.05.2020 21:00:00.000,1.08340,1.08756,1.08151,1.08371,172159.1877
08.05.2020 21:00:00.000,1.08371,1.08371,1.08371,1.08371,0
09.05.2020 21:00:00.000,1.08371,1.08371,1.08371,1.08371,0
10.05.2020 21:00:00.000,1.08265,1.08504,1.08005,1.08061,213421.74189999996
11.05.2020 21:00:00.000,1.08059,1.08851,1.07843,1.08472,208817.5735
12.05.2020 21:00:00.000,1.08475,1.08965,1.08116,1.08176,229573.0747
13.05.2020 21:00:00.000,1.08176,1.08239,1.07748,1.08040,213507.68880000003
14.05.2020 21:00:00.000,1.08042,1.08509,1.07888,1.08183,205052.6019
15.05.2020 21:00:00.000,1.08183,1.08183,1.08183,1.08183,0
16.05.2020 21:00:00.000,1.08183,1.08183,1.08183,1.08183,0
17.05.2020 21:00:00.000,1.08088,1.09270,1.07999,1.09154,201086.1499
18.05.2020 21:00:00.000,1.09155,1.09759,1.09021,1.09221,249931.14400000006
19.05.2020 21:00:00.000,1.09219,1.09989,1.09186,1.09771,214430.10099999997
20.05.2020 21:00:00.000,1.09769,1.10083,1.09371,1.09484,175101.84850000002
21.05.2020 21:00:00.000,1.09472,1.09535,1.08852,1.08980,162130.25189999997
22.05.2020 21:00:00.000,1.08980,1.08980,1.08980,1.08980,0
23.05.2020 21:00:00.000,1.08980,1.08980,1.08980,1.08980,0
24.05.2020 21:00:00.000,1.08956,1.09144,1.08706,1.08950,97996.43130000001
25.05.2020 21:00:00.000,1.08950,1.09957,1.08919,1.09816,202117.31820000004
26.05.2020 21:00:00.000,1.09812,1.10307,1.09340,1.10026,323507.2367
27.05.2020 21:00:00.000,1.10024,1.10934,1.09916,1.10767,230033.97069999998
28.05.2020 21:00:00.000,1.10767,1.11451,1.10698,1.11036,380449.85360000003
29.05.2020 21:00:00.000,1.11036,1.11036,1.11036,1.11036,0
30.05.2020 21:00:00.000,1.11036,1.11036,1.11036,1.11036,0
31.05.2020 21:00:00.000,1.11129,1.11540,1.11004,1.11353,244746.6626
01.06.2020 21:00:00.000,1.11353,1.11959,1.11151,1.11693,273133.1005
02.06.2020 21:00:00.000,1.11690,1.12577,1.11667,1.12328,244113.37660000002
03.06.2020 21:00:00.000,1.12325,1.13623,1.11947,1.13370,274067.7625
04.06.2020 21:00:00.000,1.13367,1.13836,1.12784,1.12911,271855.157
05.06.2020 21:00:00.000,1.12911,1.12911,1.12911,1.12911,0
06.06.2020 21:00:00.000,1.12911,1.12911,1.12911,1.12911,0
07.06.2020 21:00:00.000,1.12934,1.13198,1.12682,1.12937,200343.66460000005
08.06.2020 21:00:00.000,1.12936,1.13638,1.12409,1.13395,236624.38430000003
09.06.2020 21:00:00.000,1.13395,1.14224,1.13219,1.13729,249929.06629999998
10.06.2020 21:00:00.000,1.13729,1.14036,1.12885,1.12989,300185.0817
11.06.2020 21:00:00.000,1.12989,1.13405,1.12125,1.12550,311745.4696
12.06.2020 21:00:00.000,1.12550,1.12550,1.12550,1.12550,0
13.06.2020 21:00:00.000,1.12550,1.12550,1.12550,1.12550,0
14.06.2020 21:00:00.000,1.12329,1.13324,1.12262,1.13228,291436.8465
15.06.2020 21:00:00.000,1.13228,1.13532,1.12278,1.12631,236707.10020000004
16.06.2020 21:00:00.000,1.12629,1.12939,1.12068,1.12432,248437.56109999996
17.06.2020 21:00:00.000,1.12428,1.12613,1.11854,1.12055,235975.64069999996
18.06.2020 21:00:00.000,1.12054,1.12542,1.11680,1.11759,239664.60189999998
19.06.2020 21:00:00.000,1.11759,1.11759,1.11759,1.11759,0
20.06.2020 21:00:00.000,1.11759,1.11759,1.11759,1.11759,0
21.06.2020 21:00:00.000,1.11835,1.12698,1.11684,1.12597,180066.2664
22.06.2020 21:00:00.000,1.12597,1.13486,1.12330,1.13074,238122.34230000002
23.06.2020 21:00:00.000,1.13073,1.13257,1.12482,1.12503,231204.87480000002
24.06.2020 21:00:00.000,1.12503,1.12597,1.11903,1.12170,234684.12150000004
25.06.2020 21:00:00.000,1.12181,1.12393,1.11951,1.12170,175079.05190000002
26.06.2020 21:00:00.000,1.12170,1.12170,1.12170,1.12170,0
27.06.2020 21:00:00.000,1.12170,1.12170,1.12170,1.12170,0
28.06.2020 21:00:00.000,1.12149,1.12879,1.12149,1.12410,179170.74770000004
29.06.2020 21:00:00.000,1.12412,1.12619,1.11910,1.12336,196959.7751
30.06.2020 21:00:00.000,1.12340,1.12751,1.11848,1.12507,186639.93899999998
01.07.2020 21:00:00.000,1.12507,1.13026,1.12233,1.12388,184185.11049999998
02.07.2020 21:00:00.000,1.12391,1.12518,1.12192,1.12464,146874.5163
03.07.2020 21:00:00.000,1.12464,1.12464,1.12464,1.12464,0
04.07.2020 21:00:00.000,1.12464,1.12464,1.12464,1.12464,0
05.07.2020 21:00:00.000,1.12433,1.13454,1.12411,1.13089,142461.6754
06.07.2020 21:00:00.000,1.13087,1.13325,1.12588,1.12727,161140.33959999998
07.07.2020 21:00:00.000,1.12725,1.13518,1.12623,1.13293,164988.71140000003
08.07.2020 21:00:00.000,1.13292,1.13706,1.12801,1.12846,199150.411
09.07.2020 21:00:00.000,1.12845,1.13247,1.12547,1.12990,180567.1502
10.07.2020 21:00:00.000,1.12990,1.12990,1.12990,1.12990,0
11.07.2020 21:00:00.000,1.12990,1.12990,1.12990,1.12990,0
12.07.2020 21:00:00.000,1.13039,1.13748,1.13008,1.13435,240740.0432
13.07.2020 21:00:00.000,1.13431,1.14086,1.13251,1.13993,356993.2815
14.07.2020 21:00:00.000,1.13990,1.14520,1.13910,1.14113,308569.0307
15.07.2020 21:00:00.000,1.14113,1.14417,1.13704,1.13834,286760.4847
16.07.2020 21:00:00.000,1.13832,1.14436,1.13756,1.14269,180941.2344
17.07.2020 21:00:00.000,1.14269,1.14269,1.14269,1.14269,0
18.07.2020 21:00:00.000,1.14269,1.14269,1.14269,1.14269,0
19.07.2020 21:00:00.000,1.14084,1.14677,1.14023,1.14472,287644.34409999993
20.07.2020 21:00:00.000,1.14472,1.15398,1.14228,1.15265,381991.7860999999
21.07.2020 21:00:00.000,1.15268,1.16013,1.15068,1.15695,469647.1546
22.07.2020 21:00:00.000,1.15693,1.16268,1.15403,1.15959,357670.2735
23.07.2020 21:00:00.000,1.15959,1.16580,1.15812,1.16546,414395.3563
24.07.2020 21:00:00.000,1.16546,1.16546,1.16546,1.16546,0
25.07.2020 21:00:00.000,1.16546,1.16546,1.16546,1.16546,0
26.07.2020 21:00:00.000,1.16430,1.17813,1.16413,1.17510,340905.59719999996
27.07.2020 21:00:00.000,1.17512,1.17736,1.16987,1.17150,345127.89690000005
28.07.2020 21:00:00.000,1.17148,1.18061,1.17118,1.17907,338594.79219999997
29.07.2020 21:00:00.000,1.17910,1.18482,1.17308,1.18467,336437.8065
30.07.2020 21:00:00.000,1.18465,1.19087,1.17617,1.17753,580493.2094000002
31.07.2020 21:00:00.000,1.17753,1.17753,1.17753,1.17753,0
01.08.2020 21:00:00.000,1.17753,1.17753,1.17753,1.17753,0
02.08.2020 21:00:00.000,1.17725,1.17966,1.16959,1.17617,314524.6608
03.08.2020 21:00:00.000,1.17633,1.18059,1.17211,1.18028,430308.77009999997
04.08.2020 21:00:00.000,1.18026,1.19048,1.17929,1.18629,1048544.3638000002
05.08.2020 21:00:00.000,1.18627,1.19160,1.18179,1.18763,1292643.1381
06.08.2020 21:00:00.000,1.18763,1.18828,1.17551,1.17862,434629.11260000005
07.08.2020 21:00:00.000,1.17862,1.17862,1.17862,1.17862,0
08.08.2020 21:00:00.000,1.17862,1.17862,1.17862,1.17862,0
09.08.2020 21:00:00.000,1.17886,1.18006,1.17359,1.17371,301512.8612
10.08.2020 21:00:00.000,1.17373,1.18080,1.17219,1.17395,586722.8837000001
11.08.2020 21:00:00.000,1.17395,1.18170,1.17110,1.17835,626910.6561
12.08.2020 21:00:00.000,1.17835,1.18641,1.17796,1.18131,452405.64350000006
13.08.2020 21:00:00.000,1.18126,1.18503,1.17817,1.18414,334420.3121
14.08.2020 21:00:00.000,1.18414,1.18414,1.18414,1.18414,0
15.08.2020 21:00:00.000,1.18414,1.18414,1.18414,1.18414,0
16.08.2020 21:00:00.000,1.18389,1.18809,1.18286,1.18698,301857.7687
17.08.2020 21:00:00.000,1.18698,1.19656,1.18658,1.19305,323407.4814
18.08.2020 21:00:00.000,1.19306,1.19526,1.18302,1.18385,529791.385
19.08.2020 21:00:00.000,1.18396,1.18686,1.18019,1.18599,429140.3609
20.08.2020 21:00:00.000,1.18599,1.18828,1.17541,1.17949,388376.97390000004
21.08.2020 21:00:00.000,1.17949,1.17949,1.17949,1.17949,0
22.08.2020 21:00:00.000,1.17949,1.17949,1.17949,1.17949,0
23.08.2020 21:00:00.000,1.17911,1.18495,1.17841,1.17873,217817.74249999996
24.08.2020 21:00:00.000,1.17871,1.18435,1.17841,1.18343,420332.1848000001
25.08.2020 21:00:00.000,1.18340,1.18391,1.17721,1.18298,275299.32289999997
26.08.2020 21:00:00.000,1.18297,1.19018,1.17623,1.18215,465558.4992
27.08.2020 21:00:00.000,1.18215,1.19197,1.18109,1.19018,572861.7089
28.08.2020 21:00:00.000,1.19018,1.19018,1.19018,1.19018,0
29.08.2020 21:00:00.000,1.19018,1.19018,1.19018,1.19018,0
30.08.2020 21:00:00.000,1.18998,1.19660,1.18840,1.19361,998345.731
31.08.2020 21:00:00.000,1.19358,1.20113,1.19013,1.19113,375627.6456
01.09.2020 21:00:00.000,1.19112,1.19287,1.18221,1.18547,727000.7346
02.09.2020 21:00:00.000,1.18506,1.18646,1.17889,1.18512,888288.6439
03.09.2020 21:00:00.000,1.18513,1.18654,1.17809,1.18371,975069.8785999998
04.09.2020 21:00:00.000,1.18371,1.18371,1.18371,1.18371,0
05.09.2020 21:00:00.000,1.18371,1.18371,1.18371,1.18371,0
06.09.2020 21:00:00.000,1.18432,1.18486,1.18117,1.18133,473109.8130000001
07.09.2020 21:00:00.000,1.18133,1.18273,1.17654,1.17737,904698.4055
08.09.2020 21:00:00.000,1.17749,1.18339,1.17527,1.18025,847151.7323999999
09.09.2020 21:00:00.000,1.18026,1.19175,1.18004,1.18146,1079876.5923
10.09.2020 21:00:00.000,1.18145,1.18741,1.18130,1.18453,921866.9279
11.09.2020 21:00:00.000,1.18453,1.18453,1.18453,1.18453,0
12.09.2020 21:00:00.000,1.18453,1.18453,1.18453,1.18453,0
13.09.2020 21:00:00.000,1.18348,1.18880,1.18319,1.18643,908617.9663
14.09.2020 21:00:00.000,1.18648,1.19005,1.18395,1.18462,889556.0084
15.09.2020 21:00:00.000,1.18465,1.18825,1.17876,1.18155,999318.6814
16.09.2020 21:00:00.000,1.18156,1.18524,1.17373,1.18477,1396941.4092999997
17.09.2020 21:00:00.000,1.18476,1.18705,1.18260,1.18385,1098599.2318
18.09.2020 21:00:00.000,1.18385,1.18385,1.18385,1.18385,0
19.09.2020 21:00:00.000,1.18385,1.18385,1.18385,1.18385,0
20.09.2020 21:00:00.000,1.18369,1.18717,1.17317,1.17707,1326884.4434999998
21.09.2020 21:00:00.000,1.17707,1.17735,1.16916,1.17077,1025213.6455999999
22.09.2020 21:00:00.000,1.17074,1.17188,1.16513,1.16595,1081733.5506999998
23.09.2020 21:00:00.000,1.16590,1.16869,1.16265,1.16708,1085492.7477999998
24.09.2020 21:00:00.000,1.16706,1.16850,1.16121,1.16277,993353.679
25.09.2020 21:00:00.000,1.16277,1.16277,1.16277,1.16277,0
26.09.2020 21:00:00.000,1.16277,1.16277,1.16277,1.16277,0
27.09.2020 21:00:00.000,1.16271,1.16799,1.16150,1.16650,1022732.4422999999
28.09.2020 21:00:00.000,1.16650,1.17455,1.16614,1.17426,980638.7148999999
29.09.2020 21:00:00.000,1.17430,1.17548,1.16847,1.17210,1341208.0746
30.09.2020 21:00:00.000,1.17210,1.17696,1.17171,1.17460,1321574.3768
01.10.2020 21:00:00.000,1.17489,1.17489,1.16956,1.17157,1400393.5694000002
02.10.2020 21:00:00.000,1.17157,1.17157,1.17157,1.17157,0
03.10.2020 21:00:00.000,1.17157,1.17157,1.17157,1.17157,0
04.10.2020 21:00:00.000,1.17110,1.17975,1.17053,1.17825,1043070.4095
05.10.2020 21:00:00.000,1.17825,1.18077,1.17317,1.17334,1202139.6668
06.10.2020 21:00:00.000,1.17335,1.17818,1.17249,1.17604,1195938.1212
07.10.2020 21:00:00.000,1.17600,1.17816,1.17326,1.17582,1112217.6882
08.10.2020 21:00:00.000,1.17587,1.18310,1.17568,1.18248,1054360.1831999999
09.10.2020 21:00:00.000,1.18248,1.18248,1.18248,1.18248,0
10.10.2020 21:00:00.000,1.18248,1.18248,1.18248,1.18248,0
11.10.2020 21:00:00.000,1.18103,1.18266,1.17867,1.18120,959558.4678
12.10.2020 21:00:00.000,1.18120,1.18155,1.17304,1.17440,1191270.3110999998
13.10.2020 21:00:00.000,1.17452,1.17710,1.17199,1.17452,1146763.6835
14.10.2020 21:00:00.000,1.17452,1.17578,1.16884,1.17073,1052065.2001
15.10.2020 21:00:00.000,1.17073,1.17462,1.16939,1.17132,952925.3259
16.10.2020 21:00:00.000,1.17132,1.17132,1.17132,1.17132,0
17.10.2020 21:00:00.000,1.17132,1.17132,1.17132,1.17132,0
18.10.2020 21:00:00.000,1.17181,1.17936,1.17031,1.17695,682296.6846
19.10.2020 21:00:00.000,1.17695,1.18407,1.17598,1.18211,799622.3074999999
20.10.2020 21:00:00.000,1.18214,1.18807,1.18209,1.18598,949038.4269999998
21.10.2020 21:00:00.000,1.18569,1.18668,1.18114,1.18177,932813.0827999999
22.10.2020 21:00:00.000,1.18177,1.18648,1.17866,1.18572,904441.4873000002
23.10.2020 21:00:00.000,1.18572,1.18572,1.18572,1.18572,0
24.10.2020 21:00:00.000,1.18572,1.18572,1.18572,1.18572,0
25.10.2020 21:00:00.000,1.18546,1.18605,1.18032,1.18086,839654.8307
26.10.2020 21:00:00.000,1.18090,1.18387,1.17927,1.17950,787344.9201000001
27.10.2020 21:00:00.000,1.17949,1.17978,1.17178,1.17457,1065411.0096
28.10.2020 21:00:00.000,1.17457,1.17587,1.16501,1.16731,780361.9985000001
29.10.2020 21:00:00.000,1.16743,1.17042,1.16400,1.16431,917926.6913999999
30.10.2020 21:00:00.000,1.16431,1.16431,1.16431,1.16431,0
31.10.2020 21:00:00.000,1.16431,1.16431,1.16431,1.16431,0
01.11.2020 22:00:00.000,1.16498,1.16557,1.16221,1.16404,825009.7200000001
02.11.2020 22:00:00.000,1.16404,1.17397,1.16318,1.17150,652729.0692
03.11.2020 22:00:00.000,1.17150,1.17704,1.16026,1.17244,1304116.2713
04.11.2020 22:00:00.000,1.17251,1.18596,1.17107,1.18268,953757.4940000003
05.11.2020 22:00:00.000,1.18268,1.18908,1.17952,1.18700,512782.1572000001
06.11.2020 22:00:00.000,1.18700,1.18700,1.18700,1.18700,0
07.11.2020 22:00:00.000,1.18700,1.18700,1.18700,1.18700,0
08.11.2020 22:00:00.000,1.18898,1.19199,1.17952,1.18127,698296.3085000002
09.11.2020 22:00:00.000,1.18124,1.18432,1.17799,1.18127,628651.9735000001
10.11.2020 22:00:00.000,1.18127,1.18327,1.17454,1.17771,427459.8659
11.11.2020 22:00:00.000,1.17771,1.18231,1.17585,1.18041,452031.20850000007
12.11.2020 22:00:00.000,1.18039,1.18374,1.17989,1.18310,383459.323
13.11.2020 22:00:00.000,1.18310,1.18310,1.18310,1.18310,0
14.11.2020 22:00:00.000,1.18310,1.18310,1.18310,1.18310,0
15.11.2020 22:00:00.000,1.18411,1.18689,1.18141,1.18516,391986.72000000003
16.11.2020 22:00:00.000,1.18509,1.18937,1.18425,1.18612,337998.86730000004
17.11.2020 22:00:00.000,1.18607,1.18908,1.18491,1.18526,358563.176
18.11.2020 22:00:00.000,1.18526,1.18825,1.18161,1.18745,412653.6540000001
19.11.2020 22:00:00.000,1.18745,1.18908,1.18498,1.18544,393869.04880000005
20.11.2020 22:00:00.000,1.18544,1.18544,1.18544,1.18544,0
21.11.2020 22:00:00.000,1.18544,1.18544,1.18544,1.18544,0
22.11.2020 22:00:00.000,1.18538,1.19060,1.17997,1.18399,373709.31980000006
23.11.2020 22:00:00.000,1.18399,1.18961,1.18361,1.18905,453267.3336
24.11.2020 22:00:00.000,1.18922,1.19297,1.18818,1.19157,438592.50399999996
25.11.2020 22:00:00.000,1.19157,1.19409,1.18852,1.19127,309694.906
26.11.2020 22:00:00.000,1.19125,1.19641,1.19068,1.19620,297590.7008
27.11.2020 22:00:00.000,1.19620,1.19620,1.19620,1.19620,0
28.11.2020 22:00:00.000,1.19620,1.19620,1.19620,1.19620,0
29.11.2020 22:00:00.000,1.19614,1.20032,1.19236,1.19256,425824.10430000006
30.11.2020 22:00:00.000,1.19260,1.20765,1.19249,1.20692,332544.31549999997
01.12.2020 22:00:00.000,1.20691,1.21183,1.20399,1.21132,355342.27210000006
02.12.2020 22:00:00.000,1.21151,1.21746,1.21010,1.21454,370868.6571
03.12.2020 22:00:00.000,1.21454,1.21773,1.21101,1.21202,424588.3652
04.12.2020 22:00:00.000,1.21202,1.21202,1.21202,1.21202,0
05.12.2020 22:00:00.000,1.21202,1.21202,1.21202,1.21202,0
06.12.2020 22:00:00.000,1.21308,1.21662,1.20784,1.21091,406139.7846
07.12.2020 22:00:00.000,1.21091,1.21339,1.20953,1.21022,341450.03250000003
08.12.2020 22:00:00.000,1.21022,1.21475,1.20587,1.20799,241128.23450000002
09.12.2020 22:00:00.000,1.20779,1.21588,1.20748,1.21398,236319.6026
10.12.2020 22:00:00.000,1.21360,1.21629,1.21053,1.21086,195119.53600000002
11.12.2020 22:00:00.000,1.21086,1.21086,1.21086,1.21086,0
12.12.2020 22:00:00.000,1.21086,1.21086,1.21086,1.21086,0
13.12.2020 22:00:00.000,1.21367,1.21767,1.21155,1.21432,163952.76890000002
14.12.2020 22:00:00.000,1.21432,1.21689,1.21210,1.21505,143355.21779999998
15.12.2020 22:00:00.000,1.21489,1.22121,1.21250,1.21985,172883.5913
16.12.2020 22:00:00.000,1.21983,1.22726,1.21898,1.22656,168635.10760000002
17.12.2020 22:00:00.000,1.22676,1.22718,1.22255,1.22559,162035.4677
18.12.2020 22:00:00.000,1.22559,1.22559,1.22559,1.22559,0
19.12.2020 22:00:00.000,1.22559,1.22559,1.22559,1.22559,0
20.12.2020 22:00:00.000,1.22210,1.22529,1.21296,1.22432,234164.96739999994
21.12.2020 22:00:00.000,1.22432,1.22570,1.21520,1.21610,204277.3107
22.12.2020 22:00:00.000,1.21610,1.22210,1.21538,1.21850,187712.75809999998
23.12.2020 22:00:00.000,1.21845,1.22156,1.21773,1.21844,149462.7204
24.12.2020 22:00:00.000,1.21861,1.22031,1.21709,1.21922,5932.4400000000005
25.12.2020 22:00:00.000,1.21922,1.21922,1.21922,1.21922,0
26.12.2020 22:00:00.000,1.21922,1.21922,1.21922,1.21922,0
27.12.2020 22:00:00.000,1.21860,1.22502,1.21811,1.22160,140335.28830000001
28.12.2020 22:00:00.000,1.22160,1.22750,1.22073,1.22478,152064.8677
29.12.2020 22:00:00.000,1.22455,1.23101,1.22453,1.22952,158740.0552
30.12.2020 22:00:00.000,1.22955,1.23092,1.22091,1.22141,164452.63390000002
31.12.2020 22:00:00.000,1.22141,1.22141,1.22141,1.22141,0